<?xml version="1.0" encoding="UTF-8" standalone="no"?>
<Context docBase="C:\Users\user\IdeaProjects\untitled23">
  <Resources cacheMaxSize="10240">
    <PreResources base="C:/Users/user/IdeaProjects/untitled23/target/classes" className="org.apache.catalina.webresources.DirResourceSet" webAppMount="/WEB-INF/classes"/>
    <PostResources base="C:/Users/user/.m2/repository/org/glassfish/jersey/media/jersey-media-json-binding/3.1.0/jersey-media-json-binding-3.1.0.jar" className="org.apache.catalina.webresources.FileResourceSet" webAppMount="/WEB-INF/lib/jersey-media-json-binding-3.1.0.jar"/>
    <PostResources base="C:/Users/user/.m2/repository/org/glassfish/jersey/core/jersey-common/3.1.0/jersey-common-3.1.0.jar" className="org.apache.catalina.webresources.FileResourceSet" webAppMount="/WEB-INF/lib/jersey-common-3.1.0.jar"/>
    <PostResources base="C:/Users/user/.m2/repository/jakarta/annotation/jakarta.annotation-api/2.1.1/jakarta.annotation-api-2.1.1.jar" className="org.apache.catalina.webresources.FileResourceSet" webAppMount="/WEB-INF/lib/jakarta.annotation-api-2.1.1.jar"/>
    <PostResources base="C:/Users/user/.m2/repository/jakarta/inject/jakarta.inject-api/2.0.1/jakarta.inject-api-2.0.1.jar" className="org.apache.catalina.webresources.FileResourceSet" webAppMount="/WEB-INF/lib/jakarta.inject-api-2.0.1.jar"/>
    <PostResources base="C:/Users/user/.m2/repository/org/glassfish/hk2/osgi-resource-locator/1.0.3/osgi-resource-locator-1.0.3.jar" className="org.apache.catalina.webresources.FileResourceSet" webAppMount="/WEB-INF/lib/osgi-resource-locator-1.0.3.jar"/>
    <PostResources base="C:/Users/user/.m2/repository/jakarta/json/bind/jakarta.json.bind-api/3.0.0/jakarta.json.bind-api-3.0.0.jar" className="org.apache.catalina.webresources.FileResourceSet" webAppMount="/WEB-INF/lib/jakarta.json.bind-api-3.0.0.jar"/>
    <PostResources base="C:/Users/user/.m2/repository/org/eclipse/parsson/parsson/1.1.1/parsson-1.1.1.jar" className="org.apache.catalina.webresources.FileResourceSet" webAppMount="/WEB-INF/lib/parsson-1.1.1.jar"/>
    <PostResources base="C:/Users/user/.m2/repository/org/eclipse/yasson/3.0.2/yasson-3.0.2.jar" className="org.apache.catalina.webresources.FileResourceSet" webAppMount="/WEB-INF/lib/yasson-3.0.2.jar"/>
    <PostResources base="C:/Users/user/.m2/repository/org/glassfish/jersey/containers/jersey-container-servlet/3.1.1/jersey-container-servlet-3.1.1.jar" className="org.apache.catalina.webresources.FileResourceSet" webAppMount="/WEB-INF/lib/jersey-container-servlet-3.1.1.jar"/>
    <PostResources base="C:/Users/user/.m2/repository/org/glassfish/jersey/containers/jersey-container-servlet-core/3.1.1/jersey-container-servlet-core-3.1.1.jar" className="org.apache.catalina.webresources.FileResourceSet" webAppMount="/WEB-INF/lib/jersey-container-servlet-core-3.1.1.jar"/>
    <PostResources base="C:/Users/user/.m2/repository/org/glassfish/jersey/core/jersey-server/3.1.1/jersey-server-3.1.1.jar" className="org.apache.catalina.webresources.FileResourceSet" webAppMount="/WEB-INF/lib/jersey-server-3.1.1.jar"/>
    <PostResources base="C:/Users/user/.m2/repository/org/glassfish/jersey/core/jersey-client/3.1.1/jersey-client-3.1.1.jar" className="org.apache.catalina.webresources.FileResourceSet" webAppMount="/WEB-INF/lib/jersey-client-3.1.1.jar"/>
    <PostResources base="C:/Users/user/.m2/repository/jakarta/validation/jakarta.validation-api/3.0.2/jakarta.validation-api-3.0.2.jar" className="org.apache.catalina.webresources.FileResourceSet" webAppMount="/WEB-INF/lib/jakarta.validation-api-3.0.2.jar"/>
    <PostResources base="C:/Users/user/.m2/repository/jakarta/ws/rs/jakarta.ws.rs-api/3.1.0/jakarta.ws.rs-api-3.1.0.jar" className="org.apache.catalina.webresources.FileResourceSet" webAppMount="/WEB-INF/lib/jakarta.ws.rs-api-3.1.0.jar"/>
    <PostResources base="C:/Users/user/.m2/repository/org/glassfish/jersey/inject/jersey-hk2/3.1.1/jersey-hk2-3.1.1.jar" className="org.apache.catalina.webresources.FileResourceSet" webAppMount="/WEB-INF/lib/jersey-hk2-3.1.1.jar"/>
    <PostResources base="C:/Users/user/.m2/repository/org/glassfish/hk2/hk2-locator/3.0.3/hk2-locator-3.0.3.jar" className="org.apache.catalina.webresources.FileResourceSet" webAppMount="/WEB-INF/lib/hk2-locator-3.0.3.jar"/>
    <PostResources base="C:/Users/user/.m2/repository/org/glassfish/hk2/external/aopalliance-repackaged/3.0.3/aopalliance-repackaged-3.0.3.jar" className="org.apache.catalina.webresources.FileResourceSet" webAppMount="/WEB-INF/lib/aopalliance-repackaged-3.0.3.jar"/>
    <PostResources base="C:/Users/user/.m2/repository/org/glassfish/hk2/hk2-api/3.0.3/hk2-api-3.0.3.jar" className="org.apache.catalina.webresources.FileResourceSet" webAppMount="/WEB-INF/lib/hk2-api-3.0.3.jar"/>
    <PostResources base="C:/Users/user/.m2/repository/org/glassfish/hk2/hk2-utils/3.0.3/hk2-utils-3.0.3.jar" className="org.apache.catalina.webresources.FileResourceSet" webAppMount="/WEB-INF/lib/hk2-utils-3.0.3.jar"/>
    <PostResources base="C:/Users/user/.m2/repository/org/javassist/javassist/3.29.0-GA/javassist-3.29.0-GA.jar" className="org.apache.catalina.webresources.FileResourceSet" webAppMount="/WEB-INF/lib/javassist-3.29.0-GA.jar"/>
    <PostResources base="C:/Users/user/.m2/repository/jakarta/json/jakarta.json-api/2.0.1/jakarta.json-api-2.0.1.jar" className="org.apache.catalina.webresources.FileResourceSet" webAppMount="/WEB-INF/lib/jakarta.json-api-2.0.1.jar"/>
    <PostResources base="C:/Users/user/.m2/repository/com/fasterxml/jackson/core/jackson-databind/2.15.2/jackson-databind-2.15.2.jar" className="org.apache.catalina.webresources.FileResourceSet" webAppMount="/WEB-INF/lib/jackson-databind-2.15.2.jar"/>
    <PostResources base="C:/Users/user/.m2/repository/com/fasterxml/jackson/core/jackson-annotations/2.15.2/jackson-annotations-2.15.2.jar" className="org.apache.catalina.webresources.FileResourceSet" webAppMount="/WEB-INF/lib/jackson-annotations-2.15.2.jar"/>
    <PostResources base="C:/Users/user/.m2/repository/com/fasterxml/jackson/core/jackson-core/2.15.2/jackson-core-2.15.2.jar" className="org.apache.catalina.webresources.FileResourceSet" webAppMount="/WEB-INF/lib/jackson-core-2.15.2.jar"/>
    <PostResources base="C:/Users/user/.m2/repository/org/slf4j/slf4j-api/2.0.9/slf4j-api-2.0.9.jar" className="org.apache.catalina.webresources.FileResourceSet" webAppMount="/WEB-INF/lib/slf4j-api-2.0.9.jar"/>
    <PostResources base="C:/Users/user/.m2/repository/ch/qos/logback/logback-classic/1.4.11/logback-classic-1.4.11.jar" className="org.apache.catalina.webresources.FileResourceSet" webAppMount="/WEB-INF/lib/logback-classic-1.4.11.jar"/>
    <PostResources base="C:/Users/user/.m2/repository/ch/qos/logback/logback-core/1.4.11/logback-core-1.4.11.jar" className="org.apache.catalina.webresources.FileResourceSet" webAppMount="/WEB-INF/lib/logback-core-1.4.11.jar"/>
  </Resources>
</Context>
