<configuration>
    <appender name="FILE" class="ch.qos.logback.core.FileAppender">
        <file>logs/app.log</file>
        <encoder>
            <pattern>%d{yyyy-MM-dd HH:mm:ss} %-5level %logger{36} - %msg%n</pattern>
        </encoder>
    </appender>

    <appender name="CONSOLE" class="ch.qos.logback.core.ConsoleAppender">
        <encoder>
            <pattern>%d{yyyy-MM-dd HH:mm:ss} %-5level %logger{36} - %msg%n</pattern>
        </encoder>
    </appender>

    <logger name="com.example" level="debug" additivity="false">
        <appender-ref ref="FILE" />
        <appender-ref ref="CONSOLE" />
    </logger>

    <root level="info">
        <appender-ref ref="CONSOLE" />
    </root>
</configuration>
